gene,position,strand,spacer,pam,gc_content,on_target_score,specificity_score,conservation_score,final_score,classification
blaKPC,171,+,AGAGCCTTACTGCCCGAAGG,CGG,60.0,82.0,100.0,100.0,92.8,Excellent
blaKPC,174,+,GCCTTACTGCCCGAAGGCGG,CGG,70.0,82.0,100.0,100.0,92.8,Excellent
blaKPC,248,+,CGGCTCCATCGGTGTGTACG,CGG,65.0,82.0,100.0,100.0,92.8,Excellent
blaKPC,282,-,AGCGACGGAATAGTGTATGG,CGG,50.0,82.0,100.0,100.0,92.8,Excellent
blaKPC,205,-,AGCGACGGAATAGTGTATGG,CGG,50.0,82.0,100.0,100.0,92.8,Excellent
blaKPC,81,-,AGCAGCAGCAGCAACAACGG,CGG,60.0,82.0,100.0,100.0,92.8,Excellent
blaKPC,78,-,AGCAGCAGCAACAACGGCGG,CGG,65.0,82.0,100.0,100.0,92.8,Excellent
blaKPC,38,-,AACAAGGATGACAAGCACAG,CGG,45.0,82.0,100.0,100.0,92.8,Excellent
blaKPC,44,+,TGCTTGTCATCCTTGTTAGG,CGG,45.0,80.0,100.0,100.0,92.0,Excellent
blaKPC,47,+,TTGTCATCCTTGTTAGGCGG,CGG,50.0,80.0,100.0,100.0,92.0,Excellent
blaNDM1,221,+,AATGGTTCGGTATGCGGGCG,TGG,60.0,84.0,100.0,100.0,93.6,Excellent
blaNDM1,308,+,AATGGTTCGGTATGCGGGCG,TGG,60.0,84.0,100.0,100.0,93.6,Excellent
blaNDM1,51,+,GCCGCTGCATTGATGCTGAG,CGG,60.0,82.0,100.0,100.0,92.8,Excellent
blaNDM1,77,+,CCCGCTGCATTGATGCTGAG,CGG,60.0,82.0,100.0,100.0,92.8,Excellent
blaNDM1,215,+,ACGCCCAATGGTTCGGTATG,CGG,55.0,82.0,100.0,100.0,92.8,Excellent
blaNDM1,302,+,ACGCCCAATGGTTCGGTATG,CGG,55.0,82.0,100.0,100.0,92.8,Excellent
blaNDM1,290,-,CCATTGGGCGTTGGTCACGG,CGG,65.0,82.0,100.0,100.0,92.8,Excellent
blaNDM1,203,-,CCATTGGGCGTTGGTCACGG,CGG,65.0,82.0,100.0,100.0,92.8,Excellent
blaNDM1,104,-,GATCGCCAGCATCAATGCAG,CGG,55.0,82.0,100.0,100.0,92.8,Excellent
blaNDM1,78,-,CCCGCTCAGCATCAATGCAG,CGG,60.0,82.0,100.0,100.0,92.8,Excellent
mcr1,104,+,CTGCTGCTGGCTGCTGCTGG,CGG,70.0,82.0,100.0,100.0,92.8,Excellent
mcr1,220,+,TCGCCGGTGCTGCTGGTCAG,TGG,70.0,82.0,100.0,100.0,92.8,Excellent
mcr1,27,+,CGACGCCGTTCTTCTGGTAC,TGG,60.0,80.0,100.0,100.0,92.0,Excellent
mcr1,31,+,GCCGTTCTTCTGGTACTGGA,TGG,55.0,80.0,100.0,100.0,92.0,Excellent
mcr1,52,+,GGTGCCGTTGCTGCTGCTGC,TGG,70.0,80.0,100.0,100.0,92.0,Excellent
mcr1,91,+,GGTGCTGCTGCTGCTGCTGC,TGG,70.0,80.0,100.0,100.0,92.0,Excellent
mcr1,101,+,CTGCTGCTGCTGGCTGCTGC,TGG,70.0,80.0,100.0,100.0,92.0,Excellent
mcr1,131,+,GCTGCTGCTGGCTATGCTGC,TGG,65.0,80.0,100.0,100.0,92.0,Excellent
mcr1,150,+,CTGGTTATCGCCGGTGCTGC,TGG,65.0,80.0,100.0,100.0,92.0,Excellent
mcr1,171,+,GGTGCTATCGCCGGTGCTGC,TGG,70.0,80.0,100.0,100.0,92.0,Excellent
mecA,56,+,ACTGAACGTCCGATAAAGGT,TGG,45.0,80.0,100.0,100.0,92.0,Excellent
mecA,107,+,AACGCTGCTGCTATCGGTGC,TGG,60.0,80.0,100.0,100.0,92.0,Excellent
mecA,128,+,GGTGCTGCTGCTATCGGTGC,TGG,65.0,80.0,100.0,100.0,92.0,Excellent
mecA,149,+,GGTGCTGCTGCTATCGGTGC,TGG,65.0,80.0,100.0,100.0,92.0,Excellent
mecA,170,+,GGTGCTGCTGCTATCGGTGC,TGG,65.0,80.0,100.0,100.0,92.0,Excellent
mecA,191,+,GGTGCTGCTGCTATCGGTGC,TGG,65.0,80.0,100.0,100.0,92.0,Excellent
mecA,212,+,GGTGCTGCTGCTATCGGTGC,TGG,65.0,80.0,100.0,100.0,92.0,Excellent
mecA,233,+,GGTGCTGCTGCTATCGGTGC,TGG,65.0,80.0,100.0,100.0,92.0,Excellent
mecA,254,+,GGTGCTGCTGCTATCGGTGC,TGG,65.0,80.0,100.0,100.0,92.0,Excellent
mecA,278,+,GCTGCTGCTGTTGCTGATGC,TGG,60.0,80.0,100.0,100.0,92.0,Excellent
