gene,spacer,guide_key,on_target_score,specificity_score,conservation_score,consensus_score,final_score_new,rank_on_target,rank_off_target,rank_conservation,rank_consensus,rank_final
blaNDM1,AATGGTTCGGTATGCGGGCG,blaNDM1|221|AATGGTTCGGTATGCGGGCG,84.0,100.0,100.0,94.66666666666667,93.6,1.0,1.0,1.0,1.0,1.0
blaNDM1,AATGGTTCGGTATGCGGGCG,blaNDM1|308|AATGGTTCGGTATGCGGGCG,84.0,100.0,100.0,94.66666666666667,93.6,1.0,1.0,1.0,1.0,1.0
blaKPC,AGAGCCTTACTGCCCGAAGG,blaKPC|171|AGAGCCTTACTGCCCGAAGG,82.0,100.0,100.0,94.0,92.8,3.0,1.0,1.0,3.0,3.0
blaKPC,GCCTTACTGCCCGAAGGCGG,blaKPC|174|GCCTTACTGCCCGAAGGCGG,82.0,100.0,100.0,94.0,92.8,3.0,1.0,1.0,3.0,3.0
blaKPC,CGGCTCCATCGGTGTGTACG,blaKPC|248|CGGCTCCATCGGTGTGTACG,82.0,100.0,100.0,94.0,92.8,3.0,1.0,1.0,3.0,3.0
blaKPC,AGCGACGGAATAGTGTATGG,blaKPC|282|AGCGACGGAATAGTGTATGG,82.0,100.0,100.0,94.0,92.8,3.0,1.0,1.0,3.0,3.0
blaKPC,AGCGACGGAATAGTGTATGG,blaKPC|205|AGCGACGGAATAGTGTATGG,82.0,100.0,100.0,94.0,92.8,3.0,1.0,1.0,3.0,3.0
blaKPC,AGCAGCAGCAGCAACAACGG,blaKPC|81|AGCAGCAGCAGCAACAACGG,82.0,100.0,100.0,94.0,92.8,3.0,1.0,1.0,3.0,3.0
blaKPC,AGCAGCAGCAACAACGGCGG,blaKPC|78|AGCAGCAGCAACAACGGCGG,82.0,100.0,100.0,94.0,92.8,3.0,1.0,1.0,3.0,3.0
blaKPC,AACAAGGATGACAAGCACAG,blaKPC|38|AACAAGGATGACAAGCACAG,82.0,100.0,100.0,94.0,92.8,3.0,1.0,1.0,3.0,3.0
blaKPC,TGCTTGTCATCCTTGTTAGG,blaKPC|44|TGCTTGTCATCCTTGTTAGG,80.0,100.0,100.0,93.33333333333333,92.0,25.0,1.0,1.0,23.0,23.0
blaKPC,TTGTCATCCTTGTTAGGCGG,blaKPC|47|TTGTCATCCTTGTTAGGCGG,80.0,100.0,100.0,93.33333333333333,92.0,25.0,1.0,1.0,23.0,23.0
