gene,position,strand,spacer,pam,gc_content,on_target_score,offtarget_hits_0mm,offtarget_hits_1mm,offtarget_hits_2mm,offtarget_hits_3mm,offtarget_penalty,specificity_score,total_strains,perfect_match_strains,one_mismatch_or_better_strains,pam_supported_strains,perfect_match_fraction,one_mismatch_or_better_fraction,pam_supported_fraction,conservation_score,mean_strain_score,min_strain_score,std_strain_score,final_score,classification,guide_key,weight_scheme,final_score_new,classification_new,rank_on_target,rank_off_target,rank_conservation,rank_final,consensus_score,rank_consensus
blaKPC,171,+,AGAGCCTTACTGCCCGAAGG,CGG,60.0,82.0,0,0,0,0,0,100.0,3,3,3,3,1.0,1.0,1.0,100.0,100.0,100.0,0.0,92.8,Excellent,blaKPC|171|AGAGCCTTACTGCCCGAAGG,40/30/30,92.8,Excellent,3.0,1.0,1.0,3.0,94.0,3.0
blaKPC,174,+,GCCTTACTGCCCGAAGGCGG,CGG,70.0,82.0,0,0,0,0,0,100.0,3,3,3,3,1.0,1.0,1.0,100.0,100.0,100.0,0.0,92.8,Excellent,blaKPC|174|GCCTTACTGCCCGAAGGCGG,40/30/30,92.8,Excellent,3.0,1.0,1.0,3.0,94.0,3.0
blaKPC,248,+,CGGCTCCATCGGTGTGTACG,CGG,65.0,82.0,0,0,0,0,0,100.0,3,3,3,3,1.0,1.0,1.0,100.0,100.0,100.0,0.0,92.8,Excellent,blaKPC|248|CGGCTCCATCGGTGTGTACG,40/30/30,92.8,Excellent,3.0,1.0,1.0,3.0,94.0,3.0
blaKPC,282,-,AGCGACGGAATAGTGTATGG,CGG,50.0,82.0,0,0,0,0,0,100.0,3,3,3,3,1.0,1.0,1.0,100.0,100.0,100.0,0.0,92.8,Excellent,blaKPC|282|AGCGACGGAATAGTGTATGG,40/30/30,92.8,Excellent,3.0,1.0,1.0,3.0,94.0,3.0
blaKPC,205,-,AGCGACGGAATAGTGTATGG,CGG,50.0,82.0,0,0,0,0,0,100.0,3,3,3,3,1.0,1.0,1.0,100.0,100.0,100.0,0.0,92.8,Excellent,blaKPC|205|AGCGACGGAATAGTGTATGG,40/30/30,92.8,Excellent,3.0,1.0,1.0,3.0,94.0,3.0
blaKPC,81,-,AGCAGCAGCAGCAACAACGG,CGG,60.0,82.0,0,0,0,0,0,100.0,3,3,3,3,1.0,1.0,1.0,100.0,100.0,100.0,0.0,92.8,Excellent,blaKPC|81|AGCAGCAGCAGCAACAACGG,40/30/30,92.8,Excellent,3.0,1.0,1.0,3.0,94.0,3.0
blaKPC,78,-,AGCAGCAGCAACAACGGCGG,CGG,65.0,82.0,0,0,0,0,0,100.0,3,3,3,3,1.0,1.0,1.0,100.0,100.0,100.0,0.0,92.8,Excellent,blaKPC|78|AGCAGCAGCAACAACGGCGG,40/30/30,92.8,Excellent,3.0,1.0,1.0,3.0,94.0,3.0
blaKPC,38,-,AACAAGGATGACAAGCACAG,CGG,45.0,82.0,0,0,0,0,0,100.0,3,3,3,3,1.0,1.0,1.0,100.0,100.0,100.0,0.0,92.8,Excellent,blaKPC|38|AACAAGGATGACAAGCACAG,40/30/30,92.8,Excellent,3.0,1.0,1.0,3.0,94.0,3.0
blaKPC,44,+,TGCTTGTCATCCTTGTTAGG,CGG,45.0,80.0,0,0,0,0,0,100.0,3,3,3,3,1.0,1.0,1.0,100.0,100.0,100.0,0.0,92.0,Excellent,blaKPC|44|TGCTTGTCATCCTTGTTAGG,40/30/30,92.0,Excellent,25.0,1.0,1.0,23.0,93.33333333333333,23.0
blaKPC,47,+,TTGTCATCCTTGTTAGGCGG,CGG,50.0,80.0,0,0,0,0,0,100.0,3,3,3,3,1.0,1.0,1.0,100.0,100.0,100.0,0.0,92.0,Excellent,blaKPC|47|TTGTCATCCTTGTTAGGCGG,40/30/30,92.0,Excellent,25.0,1.0,1.0,23.0,93.33333333333333,23.0
